"","AlignID","Factor","tmean","FoundIn","A_060223_002","A_060223_003","A_060223_004","A_060223_005","A_060223_SHB22","A_062923_003","A_062923_004","A_062923_005","A_062923_006","A_062923_007","Q_102623_012","Q_102623_But1","Q_102623_But2","Q_102623_But3","Q_102623_But4","Q_102623_But5","A_060223_SHB1","A_060223_SHB10","A_060223_SHB11","A_060223_SHB12","A_060223_SHB13","A_060223_SHB16","A_060223_SHB17","A_060223_SHB21","A_060223_SHB23","A_060223_SHB24","A_060223_SHB4","A_060223_SHB8","A_062923_SHB1","A_062923_SHB10","A_062923_SHB12","A_062923_SHB5","A_062923_SHB7","A_20210825_001","A_20210825_004","A_20210825_011","A_20210825_014","A_20210825_016","A_20220308_009","A_20220308_010","A_20220308_012","A_20220308_018","Q_102623_004","Q_102623_005","Q_102623_009","Q_102623_010","Q_102623_017","A_060223_SHB14","A_060223_SHB18","A_060223_SHB5","A_060223_SHB6","A_060223_SHB7","A_060223_SHB9","A_062923_SHB11","A_062923_SHB16","A_062923_SHB18","A_062923_SHB19","A_062923_SHB21","A_062923_SHB3","A_062923_SHB4","A_062923_SHB6","A_20210825_002","A_20210825_012","A_20210825_017","A_20220308_004","A_20220308_006","A_20220308_011","A_20220308_014","A_20220308_015","A_20220308_016","Q_102623_001","Q_102623_002","Q_102623_006","Q_102623_008","Q_102623_011","Q_102623_014","Q_102623_015","Q_102623_016","Q_102623_018","Q_102623_021","Q_102623_022","Q_102623_027","A_060223_SHB15","A_060223_SHB19","A_060223_SHB2","A_060223_SHB20","A_060223_SHB3","A_062923_SHB13","A_062923_SHB14","A_062923_SHB15","A_062923_SHB17","A_062923_SHB2","A_062923_SHB20","A_062923_SHB22","A_062923_SHB8","A_062923_SHB9","A_20210825_013","A_20210825_015","A_20210825_018","A_20220308_005","A_20220308_007","A_20220308_008","A_20220308_013","A_20220308_017","Q_102623_003","Q_102623_007","Q_102623_013","Q_102623_019","Q_102623_020","Q_102623_023","Q_102623_024","A_20210825_019","A_20220308_003","Q_102623_025","Q_102623_026"
"1",16,"Factor #16",7.0864,115,84.22956,342.1218,288.6303,369.2461,30975,651.0921,404.6084,109.3897,135.8694,50.93159,10271481,79690.1,21291.42,27814.23,48614.61,31134.78,9190.124,34289,27640,2690.402,9897.189,33850,4548.436,40985,33069,39963.16,50542.77,45118,22413,6012.939,10170.82,14229.4,4681.58,2860.984,1982.297,645367.3,987430.8,653549.6,729.6016,960.3763,2544.958,821.9916,16195503,13845161,13989099,11550015,21387238,40688,24059,39211,58575.27,5745.925,29938,5998.344,42956.04,18019,15633.56,23752,6290.834,5683,5649.51,2229.057,865057.3,485387.4,1303.068,7286.323,1251.925,7444.661,519.7771,7197.278,27118176,19479022,10963622,13323353,6370114,9768281,8908438,5396309,8415085,8878486,8898837,783651,4817.644,24123,55022,31879,6662.431,22313,4149.424,4276.651,13744.68,21609,13318.79,4303.389,18430,17556.32,886069.7,10610.36,976187.8,4559.884,1371.024,1237.109,742.3961,8209.949,15143615,11418037,10660564,8338061,7911629,10142605,6592887,13669516,1953.334,6238165,4835405
"2",18,"Factor #18",7.0974,114,292.0589,797.3096,0,309.5553,46096.38,707.0298,363.1898,370.6123,255.2277,261.4365,27288550,24398.23,55366.35,49168.18,9673.231,72895.58,5331.895,5724.476,53156.84,27606,36775,4871.914,50749.91,8528.608,4239.406,33224,40796,6091.574,3942.429,15147.45,3608.758,16620.17,7859.43,3307.554,6555.268,1464217,2184191,26955.55,1812.561,11872.38,12750.05,13160.76,9614614,7868166,32204871,29858563,5251279,47550.91,17862.08,9366.748,53647,26572,28153,3777.771,38895.53,37891.43,40692.17,5000.185,2915.19,32915.08,3373.365,2235.542,1853783,33631.57,1812.668,12259.44,3223.293,1223.11,1178.941,2170.505,62692325,4270781,31614423,11178710,233041,420178,403786,22529753,3808132,20786590,19368547,1178608,21811,38651.38,18307.89,41601.89,43463,27497.28,34658.89,13181,3083.273,4002.896,39635.22,11574.32,11247.71,3594.784,1845449,17758.09,2084639,12367.77,1266.681,1095.821,2213.285,10911.61,18408983,31345789,24022635,916800,291560,1819940,18497139,45734709,1382.267,689756,2085080
"3",27,"Factor #27",7.2571,115,308.6395,118.8137,119.0357,613.6414,6313.035,214.808,194.2853,436.5227,153.3938,30893.87,214570.3,43084.91,1502.061,60937.48,917.0767,37967.02,37281,22410,8915.776,22934.89,29198,21345,21749,9032.114,8589.479,18845,11644,22305,41429,11377,89764.7,14480,8169.825,15141.52,4581.73,29700.08,10076.79,901.4221,2799.236,3448.449,2479.542,3320.782,250662.7,228243.9,384391,615125,190728.6,11234.12,12542,5601.008,21704,6823.002,25574,31038,7919.652,87360,11592,49389,26447,11390,29720,9997.239,509.1084,12311.13,3217.756,2651.877,3322.797,2775.895,3425.659,3248.043,299705.6,406030,202304.9,719452,757401,202212.8,534296,236932.8,213027.2,454713,199551.6,789524,8482.044,27542,7363.819,32893,25354,22288,7659.043,6912.238,10257.65,33863,90431,93349,20421,60341,19518.48,36.68844,2.271882e-09,3118.009,4380.396,2844.84,3663.87,3539.783,272694.5,3281210,205231.2,235401.2,2331347,245749.4,230497.9,378.5594,2886.604,209684.9,160471
"4",34,"Factor #34",7.4974,115,395.2144,263.1411,285.4596,218.6562,9284.867,379.2285,122.0874,188.7766,364.7368,402.3511,374440.9,76667.52,29674.65,59513.25,79359.17,37734.78,32476,107191,13629.05,20116,125194,18222.37,19315,117047,94474,84780,12657.8,121618,16442,2102.999,55502,8241.376,8454.755,8438.247,6881.843,136213.1,153447.2,174557.9,2053.18,1095.822,1201.146,1321.667,294715.3,311227.6,413046.9,38565.19,275364.5,7342,9927.02,93504,105475,8893.217,6109.041,48796,7739,4956.874,62184,42262,38298,56662,55811,8503.909,147171.6,169631.7,995.2946,1349.255,1579.21,1289.575,1526.024,1417.682,98654.57,335233.3,250793.2,12966.04,366570.5,74392.88,205983.4,93431.32,198127,8094.528,16951.99,962064.1,121684,8871.657,16963.22,12182.61,94356,58637,10491.16,60767,8638,12676,7008,8914,8633,38925,152467.6,153348.1,157398.1,511.17,1183.107,845.6741,1105.689,514.9984,157659.9,117904.1,216486.5,151632.1,616250,364810.7,241640.2,210287.1,1701.621,59781.26,24001.16
"5",36,"Factor #36",7.5063,115,382.6281,337.2716,316.0667,341.0736,52963,1294.927,1782.984,507.2183,666.9852,441.4838,48799.55,89723.24,38509.75,48189.22,24479.06,251359.7,105456,2518.757,4008.759,46861,58931,48398,39128,55657,46901,63067,43968,2103.55,2221.552,3386.835,5335.968,2616.142,4769.486,10091.67,9548.007,14056.33,16684.67,64600.8,18296.99,23286.01,15683.41,25361.01,21614.94,96216.2,15356.76,49391.83,21906.77,50737,50480,51964,3041.953,1819.923,84479,4321.51,13109,9336,11992,4611.04,5549.324,4349.552,3774.765,7264.01,23054.32,122137,16503.42,21066.41,16479.54,16531.39,23453.88,23157.73,79852.91,62555.04,25188.1,27722.6,17929.39,8002.143,20012.19,48713.04,54540.57,7082.048,7816.074,168444.7,3414.641,50838,97800,51579,44890,6135.113,11698,11297,17501,14373,9875,9250.256,10428,3596.147,11213.33,84416.17,27051.65,20748.25,16396.43,19270.93,22215.88,21434.28,28596.65,103160.1,27751.85,6109.627,16982.66,22124.22,13997.7,2712.916,18699.38,66052.01,16210.02
"6",43,"Factor #43",7.6938,115,557.8763,164.358,316.7607,404.6084,565.3492,731.6825,142.7165,232.3665,135.4134,324.6378,1563873,46271.23,205790.3,23011.39,96560.27,124870.4,99045,76043,72642,1134.913,409.855,98976,839.1836,1546.96,66255,68337,61623,88574,18775.99,12760.83,12592.77,14949.84,71400,5282.715,2502.198,1378937,301847.1,178562.3,43297.96,84215.86,77218.02,46814.23,1048923,2429341,1104276,1163120,925344.9,68178,957.9082,630.1451,73777,64085,914.7399,13409.31,18190.87,82608,17673.03,128821,20201.52,22230.03,13651.91,3980.577,203309.4,141448.5,59917.13,64580.44,74680.04,36516.56,70806.47,49117.14,1318031,2535250,1485845,871894.2,2299284,1541453,2007275,820456.2,996204.6,921834.2,1823381,2300417,1016.358,1184.75,58500,87627,674.0601,110794,12174.28,95936,19985.88,107053,126790,149686,14235.76,97863,402469.7,12814.47,251005.1,59432.78,539240.7,55559.64,38051.01,67013.63,2425122,957824,947938.9,986812.9,3385975,1169026,2163802,83729.16,16753.77,987660.7,696919.4
"7",44,"Factor #44",7.7013,115,16.81848,21.26875,8.902471,15.0014,54492,81.52259,19.28586,26.59107,24.48041,9.710826,546759.7,18299.28,59038.66,11440.36,63090.34,57696.94,66254,903.1339,663.809,74677,67615,1287.43,40807,69632,736.7527,874.5005,1414.412,391.1686,78477,48730,75754,14422.21,11757.4,436.9967,287.5009,31871.59,45235.28,33718.1,49664.47,80369.93,78285.75,44294.4,2362237,658637.6,647755,2048682,1867432,909.4348,1494.842,67155,929.2194,1165.527,42649,10624.47,11743.51,15270.07,155588,13877.31,14516.59,108184,60891,353.8773,48811.98,31841.24,56785.51,60207.48,68773.83,35962.73,69956.46,42608.8,2971827,692640.2,671365.8,3342027,584616.3,528393.6,542930.5,1810988,468101.9,1845625,411818.8,451247,62644,873.6848,1240.374,871.299,930.5415,11044.93,13853.09,11284.42,117805,100331,16831.94,14781.38,13051.39,11932.43,42306.02,33378.85,28035.37,62377.69,498555.7,56082.03,35409.5,57428.66,614648.6,1855128,427969,478031.9,537798.1,557347.7,454913.2,152606.8,14349.26,518608.3,400442.2
"8",47,"Factor #47",7.7326,115,259.2724,393.3869,226.1247,379.6887,208212,542.7607,460.2676,203.9896,142.2551,1081.65,2177724,11076.98,23916.87,9254.758,24474.72,23245.94,33063.53,175664,196249,18994.14,222380,21852.35,168582,41115.72,185568,202288,166256,207708,37639.26,116370,16894,159757,155332,8223.059,5248.933,201535.5,168325.6,314398.6,10221.32,31155.93,10881.1,11908.4,383285.4,2137823,2354528,2308993,1973041,200677,175077,25557.08,181106,179685,18167.55,70204,145092,126279,159874,130474,130578,142956,137678,3128.08,6904543,405356.9,11155.16,24664.26,37539.93,19887.24,16030.36,8105.809,3021370,2510662,550545.3,2297540,2006387,2000059,1929094,2011434,2081590,416579.5,1948747,1363192,169893,197865,215623,13380.73,17444.74,23768,166188,145091,165784,164372,129199,150801,146471,110527,231977.3,369589.3,304408.4,10469.02,41478.5,21307.21,2551.775,10908.88,2512538,414977.5,2020086,1764694,2015916,2126121,1895335,483427.8,17710.86,2049045,1454914
"9",51,"Factor #51",7.7687,115,34.75268,14.51793,15.56243,16.87869,92001,18.45726,38.20723,22.32143,16.1896,144.1273,367707,24651.64,8215.583,26351.1,8256.849,17382.89,32812,33584,58675,24092,26713,30462,23574,56014,26395,6357.872,22618,32691,9245.014,15273,7814.892,21967,18442,4500.041,2500.335,13638.14,11676.59,14120.52,12352.33,8012.687,10853.31,14475.18,137741.4,131707,178543.8,150258.4,464320,22719,17249,36501,52554,25611,29132,7478.74,26886,22274,25966,26330,24435,19225.43,22877,3754.688,13624.36,18996.21,11999.56,11350.59,8281.891,20940.86,8179.606,15461.31,453204,167764,117459,137220.4,121620,181109.1,195171,196972,128560.5,257001,528567,379955,48615,36337,28111,35113,38743,7955.188,25393,20786,24899,32167,19734,37778,4140.936,28480,33540.67,12631.3,14487.04,15411.86,15708.49,14564.15,12582.57,13331.4,227597,89056,11473.77,166704.4,241661.4,301667,94275.29,35790.48,23362.43,624272,473859
"10",54,"Factor #54",7.824,115,1338.174,1544.007,3128.486,5138.009,55403,888.4377,2029.136,1091.447,1125.81,678.8411,2316730,34540.48,26639.03,33322.33,15775.23,54068.63,183.7733,50056,53871,60323,58623,149.9878,43116,58835,51255,56584,45525,59589,63646,47915,57430,66382,63724,324.2818,168.4304,74228.91,97246.79,108076.7,17868.02,21266.76,20428.56,18815.12,2497936,2482023,2628929,2462594,2290139,54011,47842,275.5894,55655,50532,44011,56744,63720,60449,88687,217.8825,55659,63575,57594,178.6607,88413.54,89705.6,15543.54,20287.37,15068.9,17540.63,35808.15,18466.34,2764958,2608212,199911.9,2251707,2192957,2232184,2182867,31315.24,2065171,2534726,2321442,1745922,63081,54373,55716,214.3212,56080,62165,66631,60476,82343,70498,63553,69193,63675,56373,99081.31,107590.3,97024.66,16481.88,111020.7,24961.74,14793.82,19802.32,2688780,2538160,2164455,2157999,2436993,2445527,2207434,1523.535,9496.118,45043.83,1538298
"11",58,"Factor #58",7.926,115,402.7112,482.6392,193.9054,251.9608,15407,7.049436,886.2669,11.7205,11.89732,118.6887,343134,50269.31,110996.5,139947.5,62311.34,123196.9,39548,30768,25888,34637,29649,35657,16688,308.0994,21562,20326,19304,25430,33547,20101,28995,24063,24084,801.1995,811.9225,24560.54,27514.58,5820.65,141.6939,370.4503,261.9719,445.2714,1081947,17234.64,1428669,82298.63,589792,23951,25352,22271,30498,27711,16996,28443,20222,30763,110208,45930,43125,52420,32539,1284.266,5896.458,9254.36,337.8819,137.2736,437.0634,244.8051,1034.148,865.0814,948575,977492,20181.66,4647931,1368772,720253,604559,63130.87,497751,657098,26093.17,886015,21152,18840,19715,214.6772,31331,41603,27576,25524,44464,50251,82400,71501,33322,32868,24449.8,6860.308,8762.387,205.031,1245.014,424.4874,348.775,1219.389,654991,867630,461727,1224715,3053480,695213,1021937,194034.2,377.7273,322363,277072
"12",66,"Factor #66",8.1064,113,2161.582,1443.691,989.4511,2269.956,13927,1502.352,2532.528,1651.551,928.0904,1215.046,58993.88,22319.07,17186.73,6595.896,56350.57,15768.64,12883,11212,11474,11688,16038,2613.634,3674.488,14420,13224,13388,2899.342,4730.733,228334,34170,37465,58183,46163,88760,835.9678,2186.793,3140.386,3483.281,189.0514,196.7867,21139,342.9605,9790.95,136811,159123,265633,19857.03,3831.199,2817.714,4061.601,12233,4297.722,3991.719,37851,36300,0,46468,31412,57090,70076,49383,55232,1009.29,4434.451,428.4758,18001,275.2775,226.634,50474,16335,6521.136,111736,203467,246886,84191,31802.44,26346.92,149887,93600,202567,204548,164493,13064,13112,10823,2916.128,12642,38803,34667,32424,50607,108998,29981,29129,53211,44977,1967.311,4287.305,1558.266,219.5496,30945,260.8114,232.7952,18380,199130,118681,125019,31367,148174,156725,106168,21875,0,30430.75,144421
"13",70,"Factor #70",8.1935,109,662.78,567.8038,1248.958,1131.827,31269,529.6929,803.9591,579.1313,553.363,173.2433,29913.54,38768.54,19500.46,93521.44,21930.9,63610.52,50082,33276,35873,39834,503.0438,37274,31824,39074,30148,33357,32119,38165,31717,0,32911,44702,48770,13.78808,62.04564,14986.95,15999.65,7466.092,32.58875,0,56.28589,25.2762,591671,705277,13625.66,18306.53,211403,155.1578,29294,18.64994,35883,32997,30583,35305,38525,36167,58166,34018,0,667.6783,42522,56.58881,10184.15,4835.046,91.25213,20.70025,0,35.00318,41.5155,88.59137,1522752,8224.022,12464.76,4353.724,9984.269,353298,6308.04,237725,5648.339,137133,278154,5683.529,37421,33506,47528,32043,37276,38379,46109,0,51387,41236,319.2939,38236,43.07495,31789,6779.56,6119.678,16346.63,25.17833,282.8091,70.40558,132.5149,42.78372,536671,368495,279027,174511,8087.851,179987,136192,18655.14,0,296004,18053.55
"14",71,"Factor #71",8.2252,109,459.8736,361.6385,1050.927,603.3615,2291.603,318.8677,108.6672,233.6699,433.6745,325.7287,1971635,47778.11,33758.07,24460.09,111132.8,47678.46,283042,295525,46123,174762,86418,112694,54514,301427,302461,112218,164854,120231,296447,40932,119997,275470,0,2647.319,1623.136,5982.117,11567.84,9796.882,136.6079,0,47.39744,178.8583,3894607,7331044,4776429,47668.45,6110706,73595,86175,158912,54646,229693,100025,148196,96385,0,135027,138055,338226,509654,227269,1858.653,8007.214,3076.941,0,168.6573,0,237.0686,171.431,92.68933,9277601,22026.3,10854308,5758417,5571641,2962684,4890700,1922300,1092149,5496403,54846.58,2800798,47585,3461.932,97129,93568,78631,165006,332525,74469,144571,467958,211249,210915,81202,202777,2672.158,2658.591,13605.5,207.1036,418.1618,141.6334,373.63,89.07097,2733925,5226585,810471,2990587,2460817,1569894,181696.9,167726.5,0,2130607,1416222
"15",76,"Factor #76",8.2878,98,356.4696,777.2146,1492.905,2975.36,84.97821,706.9352,1813.421,3727.585,2882.821,477.1422,11303.4,67807.26,65810,103215.8,149556.9,136650.8,302.4028,89.35506,198.1668,109.0836,264.6558,91.91941,6.159466,123.7106,54.52256,103.6446,88.57029,151.975,0,0,0,0,0,29228,19373,11771,7083.506,2857.256,61.60698,0,75.47307,50.26059,359503,13123.46,423809,320985,219118,61.53053,28.40718,43.90588,180.9001,49.80561,20.52992,0,9754,0,21229,15623,0,13484,0,5936.712,2804.829,4500.385,0,42.78696,0,58.20674,89.03874,105.1781,485635,10126.55,6984.116,1537523,433518,5726.355,136786,6331.312,289932,312277,188095,430326,100.149,40.89074,111.6178,135.7219,25.41353,0,0,0,13209,14277,19480,19671,0,14884,3734.504,927.3587,4638.156,81.30582,234.047,60.17481,275.0203,57.22713,177779,4671.783,89382,8769.489,10968.5,227775,239873,564.0327,0,4526.395,38252.15
"16",94,"Factor #94",8.9318,109,4476.529,385.0961,624.302,710.3839,13124,108.9362,229.1614,659.9508,782.226,299.6599,20104.52,71498.53,92392.85,67330.07,80649.71,50738.13,704778,801490,44960,127466,206411,154133,79003,29486,155367,14946,155005,231703,0,401.8402,482.4732,547.1161,667.5421,2761.881,2244.193,12930.6,16938.43,22271.24,74.00935,32.85829,79.36774,92.82919,738011,2327.881,1758401,169330,347662,68246,47982,48339,63313,1056.253,15448,203.3294,0,364.0011,231846,318.6491,738.1671,81498,0,2421.122,14330.1,7432.844,90.61251,106.0882,65.94391,172.8871,175.825,105.8945,6747.306,18242.05,2065.954,1181158,129621,506360,157891,734176,16268.58,223307,241893,266945,12980,28163,56030,798321,918.6705,0,607.1992,312.1352,39305,0,1008.967,976.5889,129.5315,0,9265.815,12222.87,14278.35,114.3646,116.1279,15.43703,39.23885,96.65364,2181.221,674437,4192.108,7692.741,2029589,455701,1447009,311409.3,2.256772,5108.814,18123.51
"17",110,"Factor #110",9.6104,102,850.7257,728.6643,557.908,1271.667,2701.203,826.9702,546.0087,187.5123,547.2295,2119.433,473580,25732.21,17139.44,35644.43,29729.31,33517.24,3362.746,42629,2256.385,57692,55617,59820,39205,54236,40366,48147,39097,56308,16347,21422,25555,18941,29349,544.8131,305.2638,60787.45,59596.31,11295.16,0,0,0,0,765149,37442.79,15196.11,475574,604265,51179,41158,2918.605,45952,50211,39441,24543,25510,27224,23218,20716,39926,39672.92,26504,153.3535,50039.99,14523.34,0,0,0,0,3271.401,0,29536.34,684807,436408,350245,352663,477206,394891,536554,527276,484407,14096.3,281211,59019,2461.042,48029,2712.898,58442,17764,33109,34557.62,37508,26376,12969,50542.32,29082,19333,5861.457,9264.842,31546.59,0,21817.23,0,0,1834.408,701380,375248,419570,277539,346425,753032,565629,92727.08,0,471036,1013.589
"18",118,"Factor #118",9.861,112,1210.847,1173.905,965.9151,1604.264,16331,407.4877,0,536.4718,943.3191,327.3175,384833,15204.29,44895.17,39619.04,92772.84,91746.96,194087,75236,142552,135.2511,226063,207446,160535,168277,151196,163004,131514,208250,121.1398,0,119467,211.486,47453,90.39069,105.2427,272890.7,352664.8,170464.4,217.1671,151.4598,365.4267,225.4768,1559257,22099.4,32135.06,2000162,2505962,183911,179.0745,131885,124009,116762,151681,62760,81235,88439,107847,0,71276,104204,99703,87.13479,328385.7,8527.477,395.9359,228.9628,86.32663,205.3337,142.7144,221.9344,2357252,20636.07,833874,10954.97,2973235,3702477,9446.745,3312158,11145.71,19038.86,2430521,3181348,151882,183305,132192,195013,175930,73594,63116,61805,113515,77035,110649,103329,50054,66006,15140.04,85400.84,403104.1,326.1696,335.5385,153.0913,228.5661,476.3429,2210904,10936.93,2379123,3254587,25850.42,2746106,3019341,7801.626,103.2218,569651,15333.75
"19",123,"Factor #123",10.0589,114,2055.787,2801.081,4506.229,5311.207,31718,1103.243,4109.42,1494.907,387.3153,909.3763,424553,9986.842,3817.283,5773.899,35692.09,21507.57,23330,29782,32838,23109,834.1643,32365,26765,39015,28689,33604,25810,33931,1159.293,165.9967,10856,672.9014,240.1254,407.7065,852.9764,852503.3,724663.8,223143.2,62.97049,31.76063,84.76565,59.98264,3178.196,489444,8010.351,335858,11977.59,33867,25177,31417,34334,35381,27243,14053,488.8717,913.0404,27637,14196,25025,14325,596.7933,88.6433,1001232,82274.79,22.95151,153.374,45.62838,84.39789,123.8531,96.98703,680779,584398,5753.569,396101,437498,8839.774,407317,372482,500460,539691,396770,313083,38399,32873,41368,28481,37283,209.3126,11735,282.7229,22025,1639.563,15296,18286,234.2302,313.4656,40819.15,74962.56,1174966,24.7629,28.42907,15.14245,71.87766,38.39229,637448,325710,12820.12,317683,510642,8570.515,484415,10327.36,0,546341,272497
"20",151,"Factor #151",11.3169,83,2448.947,1584.401,4901.359,1369.382,0,1159.919,1133.671,0,552.463,1104.279,22524.96,36764.33,25757.78,32480.66,24981.41,81845.34,187.1805,154.8762,0,203.4298,253.2415,183.0996,310.1974,0,0,0,0,0,30803,29594,21214,21949,30295,2756.97,724.0802,43661.76,35491.4,29844.4,0,0,0,0,905124,768626,310824,282458,258545,0,0,0,132.3848,0,0,67.89,0,15513,100.7177,33844,20621,36063,31706,1397.347,28364.55,14494.18,0,0,0,0,0,0,401102,823864,9926.245,572929,392591,435353,612852,790961,22919.27,600100,315642,606766,0,0,0,103.3605,0,130.6862,336.8302,21897,38691,38665,2149.478,36058,41363,24539,53504,18966.17,33273.1,160.0178,506.8141,0,0,0,14826.63,498070,4629.722,645821,867676,857263,15415.46,15945.07,0,634798,515324
"21",153,"Factor #153",11.4515,100,791.8978,446.4021,329.8281,637.1957,16710,1142.537,278.4546,0,358.1289,269.6713,193783,65754.89,47756.11,46539.52,164048.6,12722.11,99846,469210,50599,92214,187935,274384,90411,52250.82,390083,71400,90344,375721,100508,36679,78732,104031,73254.57,395.7374,169.6082,8971.541,15773.95,3338.192,0,0,0,0,10128.73,16551.62,8743.882,3720226,14090.28,77145,110658,78932,49738,147789.1,68080,66213.25,54407,147256,17235.59,375846,100144,426364,91012,467.6375,8009.461,2270.057,0,0,0,0,0,0,16840.14,9726.397,753648,17583.91,7151.108,2758558,15946.46,9975.363,11014.68,5481.347,9724.944,861382.2,45533,74738,68522,141725,118796,140632.8,170741.7,75257.13,56038.42,140319,379593,121544.7,134035.1,68826,67444.14,3184.146,15055.06,125.8199,0,0,0,0,3579.735,6245.779,1045878,5724.832,8636.777,7957.644,25142.32,2698.522,24.34866,793116,470876
"22",156,"Factor #156",11.4632,99,14.89629,9.40366,16.0188,16.79501,0,11.24595,13.34515,0,3.84098,8.696962,38655.43,11342.76,64337.82,76231.8,103193.8,57599.36,1108051,1036130,176244,1491893,799778,915785,434950,1027.821,575612,231544,515245,410978,246247,41.99847,256833,165694,203840,151.355,49.24051,1949.523,3906.744,2345.513,0,0,0,0,9609461,3600151,4672499,29218.53,1197550,491608,1460076,3091.488,255317,884243,134098,199295,160250,407658,1491859,354714,161941,499103,208916,44.71159,3220.294,2365.679,0,0,0,0,0,0,4599865,2196124,38916.65,31467387,4762761,40752.05,3906597,53712.35,39181.32,30214.93,42105.12,132840.2,73.64619,899.1239,605.4264,41.18082,51.37061,201870,142960,126108,29.43265,8788.194,67.93533,82.51355,182635,2462.202,1842.784,1711.522,1532.129,172.6268,0,0,0,0,61323.63,56104.99,29293.08,41222.84,55301.62,22650.11,93855.18,1514.206,0.2671916,83573.1,65635.94
"23",210,"Factor #210",14.1541,115,12873.36,10273.02,1574.817,5243.813,287.0084,1527.736,608.2665,756.2276,610.9884,689.4718,44391.31,65077.21,33406.32,21242.87,198986.8,370670.1,151413,7362.069,55880,739.3241,282982,1567.338,406.2433,95124,151444,1016.021,116429,10186.36,115827,62785,318227,125542,207.7163,12333.19,7237.458,370690,438476.5,522952.9,182287.5,1215.123,273619.6,48459.67,6546006,1435193,2477836,1353278,1795513,229026,899.0592,125582,52976,254402,427.8919,3285.166,13510,287306,38187,699836,143367,64571,435055,9550.425,348043.4,305274.2,236662.5,274096,164.5208,101915.6,135231.9,206951.5,811233,3222557,52169.95,47730915,5495807,3295879,7817979,2218873,42878.65,5574068,675598,9048550,127794,176597,1399.955,207158,8273.154,230268,1062.109,4620.568,112425,287012,4279.502,1926.715,1343.933,425.6082,713457,460451.4,490500.1,279920.1,140816.5,135196,305167.9,240779.9,5715926,2997411,1163317,1574350,3029057,38124.07,83552.92,2718355,24.0718,18655.95,48455.12
"24",219,"Factor #219",14.5322,114,40.1067,119.1448,58.78497,0.217396,105.8351,71.99281,33.00595,23.04204,29.08338,58.30359,42742.03,8338.115,21396.11,13894.98,5593.542,8490.986,1594720,190992,72.46595,1005853,778763,51.38513,218197,133.3048,268215,98.28939,138606,88314,29.43534,3536.745,13173,65.78643,63.8287,43.2412,0,3205.598,705.0066,1892.117,525472.5,41375.66,651430.7,325489.6,4311652,788936,2202284,1076617,544375,46490,71.38442,35.0213,152828,59.30614,88.32314,283.9136,107.7556,26.72132,972383,13745,43.66914,1222.791,22.75277,43.88564,6717.16,2639.489,686321.8,586111.3,31443.45,455452.9,554446.2,487936.4,1737130,39726.83,46201.27,26218.38,282232,2573038,829802,4698142,705566,2677444,2990195,1821837,41.33576,79.33872,58528,762902,239850,87.87464,108.3779,563.2339,54574,30.24729,208781,80350,183.7313,37.02253,23221.99,4062.979,1961.071,692197.5,589608.4,437700.3,603515.1,632033.9,34913.94,497849,841427,4595706,5944032,2477884,11959415,15588.11,0.7498267,26919.62,39224.16
"25",224,"Factor #224",14.5993,114,49.434,72.95793,47.62756,66.09939,125.1071,289.567,18.74388,24.76434,14.47133,104.9611,38390.71,110664.3,31956.45,262244.8,68696.24,48312.35,321.1517,87.68718,153.5582,100.4699,92.57138,100.564,104.6943,84.68891,193.7507,102.883,57.2195,61.79842,64.51596,3139.065,75.40529,113.0414,137.9786,41.42902,0,10392.91,1781.536,1061.057,212.866,111.3834,311.4676,381.4249,38023592,7553169,9946903,15572586,26684.07,34.9338,241773,31.54545,19.69475,91.5207,137.597,78146,157.5271,23359,8128171,279705,136.564,875877,167.0216,91.03058,696.1146,2881.783,417.4465,715.4559,597.2447,567.4218,634.4012,264.6374,6446257,13610.01,23636.02,10930938,9704355,5914533,15322.74,37493585,9877.98,374497,1247842,4739942,115.9038,145.8649,99.04911,141.3935,101.7122,102.5772,39060,30425,69.38566,121.5221,852.3448,248.3783,119.3976,48.33646,4794.53,2435.573,507.1424,367.3096,1327.834,84.51801,457.5919,538.8867,140963,12205179,243391,60436684,47985854,730399,11944232,16075.07,0.467439,53821.43,56451.09
"26",244,"Factor #244",15.4915,112,182.9692,678.9455,688.4179,1413.165,13980,641.7038,630.2248,1435.617,38.1775,76.66934,67305.78,7798.942,5485.674,2034.917,4203.376,9530.546,6800.343,11524,16409,13279,14207,12549,11074,10566,9967,12147,11755,12426,11537,717.1421,9472,12788,13523,78.2841,0,12507,2258.615,1788.827,2144.042,133.3776,2185.976,3608.471,6824882,2088083,98448,2699706,1440288,10551,10601,13972,15993,11953,621.8416,11826,10900,259.0797,12282,14882,12251,10977,889.1374,0,1150.468,2856.395,1757.169,1658.66,2042.49,6803.348,42487.79,1826.341,178261,1734358,113898,99277,3611906,1963848,2580393,3566443,2153477,3950182,1434582,9774.077,14656,1326.468,12347,13280,1750.968,11916,12804,11714,18499,15433,11149,13138,13195,749.9205,105974.8,244.5918,6282.25,2237.936,9068.229,2707.752,1599.307,2196.9,3627412,6937501,1423210,18374131,33568912,101712,4575835,1104.639,0,20013.11,15271.58
"27",266,"Factor #266",17.0933,114,163.3292,597.7476,615.4015,1283.818,137.2872,627.0705,606.3942,1406.103,15.46323,71.23719,18462.28,42980.1,439270.9,47695.95,104967.5,63057.26,26897,3843.355,19819,89441,53902,755.884,31650,27632,30318,765.9713,45289,3588.517,57414,278.2127,47309,92319,120.3966,7212327,8248131,9289001,10530602,11029250,14975,1166.702,8715.837,13285,10223.23,6204.272,12494.61,4464.418,10446.54,54142,1363.051,2991,32447,26240,21070,25506,209.8245,541.5908,10220,1200.1,12180,23869,9954,7532221,9746362,5469843,4798.419,5274.494,3173.206,15090,13197,16001,34265.65,9213.664,7739.181,306189,12701.8,5956.623,11590.11,9428.187,11580.28,8554.381,5961.005,23530.52,26143,47077,28628,30054,28547,86359,20156,24326,26137,12389,154651,92673,19782,41871,122085.4,10637922,11066850,12155,9848.592,18209,6498.932,6406.129,8700.815,7056.657,7897.15,16370.07,237071,5712.269,11211.1,83118.1,0,25227.1,25287.46
"28",271,"Factor #271",17.1945,113,633.2826,472.5157,750.2985,3432.396,54963,2168.418,680.1281,856.691,596.4164,112.7418,965266,346910.5,160111.5,363629.6,68065.04,277836.7,80586,52836,73129,69020,70030,1227.171,47554,55873,49551,57265,62514,70601,28522,1054.383,1584.313,38102,727.9111,204339.3,186240.3,520411.5,784978.8,521527.5,19.11367,0,44.28346,14.05258,1120895,1090051,74684.84,1082640,860736,906.2657,560.141,808.0935,1324.058,381.4521,1346.75,2017.635,49871,47079,101015,58875,1704.681,1274.263,1370.941,173418.3,590856,59396.69,59.92741,37.10297,9.201241,57.46594,52.05766,19.25182,2089164,1196988,664943,956476,749298,731631,814860,979281,784414,936072,115968.9,724009,70660,409.0307,1051.087,1191.207,2279.371,2195.097,55726,56933,93179,55307,93122,84459,52573,49021,553.7915,423370.2,814466.6,30.03243,39.79429,37.01507,15.99649,22.51519,1238333,1064565,730835,955036,1295711,25984.44,786833,515.6431,0,29835.83,369286
"29",282,"Factor #282",17.4419,114,190.8315,716.2461,728.1633,1500.212,12422.39,651.4884,646.0645,1450.646,31.45603,79.24889,31779.15,45172.45,450343.1,52423.6,113640.7,69945.89,3474267,924910,31435866,78816,44621131,445102,230216,742475,123927,253487,41481,1057842,229898,54549,90296,98179,179207,5657.651,1621.029,193635,240586.7,71343.31,825999.3,99981.9,974644.8,563753.8,48784900,3427139,5056479,19910449,11727.81,47493910,48270,35252022,28357440,43144381,38117568,697490,32468,237403,63301,77637,45129926,275740,1073158,424.7655,77681.34,775.0548,903425.9,855793.1,124849,791308.2,859509.3,695878.2,350609,5301729,12843.57,40507135,1646075,2326385,970558,5200047,10517.2,326319,14581.39,1698785,23475,37994492,63381,456847,1939538,44890006,142202,870699,32785,580568,911146,654083,318380,97923,19961.95,19308.84,162285.8,890728.2,618205.5,577671.7,759230.9,880900,34852809,1700212,115206,305973,1361528,3956036,643159,2625.524,0,14989.29,8188.646
"30",289,"Factor #289",17.4804,114,1334.378,1803.024,1954.675,2080.304,1796.896,805.82,202.373,37.10219,47.27343,115.2056,22584.05,69621.65,44620.97,19685.29,18126.93,22120.68,5814466,3216473,4271976,7041177,6221020,7234451,5277444,5353972,6404351,39725,5626765,5433574,131925,3450418,3458951,81965,3062023,3119.126,12473.57,152075.7,163789.6,51018.94,77384,216297.4,99070,29896,19749.63,240013,12718.64,1399061,4709.203,6795119,55007,5065113,24724,39162,5194851,3434718,31190,72021,2243873,2286211,136139,43213,243290,1021.139,104544.6,1223.236,132785,77959,348947.9,42147,101227,112000,17060.92,803105,7379.927,557154,18101.99,115913,187884.5,816042,15135.35,33531.43,13660.87,229241,5635898,5321792,3669559,6793620,4833472,3171361,3332695,2705068,2097318,132002,2264260,2258120,67726,3153345,5945843,36871.62,154521.6,670982.7,208629,92247,133674,142086,29796.69,14708.88,12097.83,37867.04,330019.1,294350,48541.56,1359.802,0,3297.734,7968.364
"31",281,"Factor #281",17.5407,114,180.7766,674.2707,686.1537,1405.455,490.861,639.3278,628.5194,1433.665,45.32857,76.77204,33587.41,44318.87,447199.4,50842.77,111138.8,68032.56,4082834,8759.164,23543,14385052,59545,438013,233080,948725,129718,224051,64089,1131882,229571,43313,112284,944931.4,177619,3224.835,23424.69,210866,511092.9,566340,2143806,598649.9,1771057,2235131,25227.85,18960.19,304724.6,23266.64,166517.1,91013,15552184,4173348,4233395,15464003,160039,43012.12,35377.32,5278756,3076240,2663567,5200632,22107.12,4064462,3618.957,353684.7,2660.519,1682635,1972134,843802.5,2473174,2054936,2041807,47381.39,665742.5,9098.883,538261.1,279076.7,501896.5,2973335,380184.5,201877.7,736010.4,113899,74516.46,22570,244816,85310,523392,2194338,5156738,135661,956416,747675.4,431930,1018993,907138,353275,132434,19477927,66861.45,398151,1747430,1577986,1631310,1673769,1943334,25468608,381781,173080.5,801445.6,518012,183324,859656.7,1995.44,0,8999.453,15603.97
"32",294,"Factor #294",17.5696,114,1416.828,1821.865,2025.721,2150.859,88.08931,816.3774,206.5637,35.30345,41.9601,118.1248,81875.17,145582,244076.8,35593.38,48954.47,153620,444764,90446,882.4583,49934,10820.82,46522,28781,103931,12427,31426,16021.18,111529,31736.72,7143.112,15236,17887,32167,3036.729,13256.62,154222.9,137040.8,62054.12,1652963,510500,1277153,1910385,6224.528,4827.391,16104.27,11489.83,9084.165,30105.07,66853.55,6537.21,614.2797,3743.279,31203,116443,6187.487,57938.16,25307.49,27843.62,15807,30350.56,113831,645.6934,397218,292.0436,1214046,1457945,734756.3,1936510,1660753,1564334,78381.91,27377.45,12563.42,23094.73,13783.57,15170.43,338265.9,15524.19,30756.3,37501.11,5765.867,19587.09,12740.34,37029,15363,53661,241907,35923,21174,161863,1552.344,52075.62,2402.221,117459,33334,18453,27900,21678.47,124254.1,1318827,436040.6,1325203,1234260,1469482,11278.51,10969.24,14079.52,106148.7,582884.1,4669.967,63427.19,1224.414,0,37488.65,37370.44
"33",292,"Factor #292",17.6125,114,78.55461,161.9901,121.2152,58.99112,5.199385,153.6569,46.56182,41.8348,27.4186,140.0747,7700.661,43621.32,29447.21,14019.59,36601.16,27094.12,99407,52937,110.7668,172884,193.2328,65642,78122,21851,80557,24440,71090,89841,871.4673,12716,58960,16735,22308,384.8824,503.7741,29562.29,46804.38,26752.33,67487.01,22775.45,52270.74,78281.18,13228.39,17987.53,1467.44,7163.8,7548.062,167867,45014,36039,13632,30613,13543,47175,346.0484,16431,36966,108110,727.9362,205.4328,12060,261.7286,20892.21,363.0523,51976.05,54494.67,30333.41,79611.4,67138.19,57646.28,16193.3,2343.509,25670.43,11767.42,6136.508,20852.08,8657.027,11252.52,3575.976,17165.62,13238.74,24998.82,361.8942,23741,10518,76896,49096,526.0275,31154,48805,133025,252.8062,105617,55234,58150,211.3715,1158291,8549.882,58132.94,53578.25,15796.26,59196.89,50388.13,59279.82,5061.875,12698.46,5085.536,5130.285,9309.859,17113.37,3758.499,330.8225,0,35323.53,12276.83
"34",283,"Factor #283",17.723,114,197.9303,729.4674,721.7146,1491.234,3399.613,645.8787,637.2418,1443.044,67.59294,77.26782,16748.24,45627.14,451962,53907.51,116283.7,71684.83,7000.692,3846.501,4478.133,24487.09,3652.511,1634.109,4979.937,5157.142,2421.188,7299.645,2268.072,2136.302,43855.86,7033.941,12307.54,19826.56,5042.67,8550.199,28989,433273,1721699,1039379,9817417,14073.52,14431630,6653180,6563145,13346.85,288691,544233,9984.626,29885.92,30102.04,597.3736,3786.611,25791.63,5568.886,72034.75,5223.664,29326.6,21376.09,26388.55,16145.88,12196.46,30167.37,2916.503,199088.8,38226,17398417,13849123,306783,11286333,14010793,10224278,14380.56,16666.37,10500.83,8295442,5391.755,9403.504,7751.569,8905.53,9192.907,8741.07,7838.117,270363.4,5961.785,9631.441,4284.042,19209.24,5131.441,23084.91,7393.135,19708,2714.358,25687.91,11225.29,21307,25544.8,11237.77,199632,38038.91,692454,16718017,12552157,8292619,13410803,14856475,9521.766,8884.578,6508.282,13657.73,9121.419,18590.03,2976.424,802.5968,0,6878.67,89887.22
"35",279,"Factor #279",17.8081,114,427.0997,361.9046,841.6343,722.6566,9.629868,105.5236,181.3459,202.4026,136.637,216.5416,67118.54,221644,292209.8,181853.2,113880.4,233630.1,3706.467,4013.655,32768,2497.214,31648,32825,29699,685.2437,34098,48596,23671,52859,24347,233.2404,651.6782,27649,21836,869.5156,630.4655,85714.77,94207.59,22207.91,7537.406,3765.759,19996.34,5153.761,41688.04,58807.82,148207,28102.5,80477.25,40708,25131,44410,59182,38625,38908,3956,16592,15317,3955.145,21264,31471,12480,26777,174.0007,22928.33,704.5004,37960.47,9223.053,11735.1,21286.19,14339.25,6710.258,80545.85,129520.2,17944.94,126847.7,85648.41,88853.21,352831.2,248398.3,56422.33,205056.4,8760.203,9504.573,7775,490.8338,131.1266,285.8159,732.1586,17295,12662,19933,19601,43248,1916.764,2333.22,27203,820.6915,5394.734,6339.426,50594.36,9683.792,5020.159,7708.398,8771.541,8931.304,98992.49,246759,54005.77,452890.6,2549981,67341.66,148997.8,47095,0,114275.9,241698.4
"36",310,"Factor #310",18.2082,115,7615.587,3940.642,2589.369,1471.195,119.4545,977.2559,2087.979,3694.057,631.3537,393.2082,117256.3,214871.2,672996.7,153986.1,233753.7,894456.8,1256.865,1156472,90958,159250,735.079,130895,300.5523,482.5923,80022,69104,25129,133074,5540.252,4008.369,317.6504,74587,4965.568,2398.851,2131.388,162992.4,292190,48130.22,252528,9271.831,294090.8,88009.5,3175952,1071281,3976453,4215527,4336044,786.8158,409551,16117,555157,1320.616,430.4703,65028,48813,68967,1988765,131223,93297,67763,628473,3225.041,147501.4,987.843,258121.7,249541.3,8490.633,203138.8,242128.1,211898.7,601355.4,4583128,2518919,7554022,5214386,3963338,4426954,3374381,4219375,2749332,2246.331,50117.39,527.3703,128107,41778,185006,147212,1927.121,86893,918.6841,375.0103,233408,877900,1924177,237556,119282,34772,50000.57,409683.9,260365.5,143373.5,152379.5,280365,265474.4,550041.3,4151862,6140417,45415119,49513059,4328311,7399811,1948.01,11.02607,112375.5,18373.38
"37",314,"Factor #314",18.2237,115,902.6573,2354.675,606.7152,1121.015,1646.018,472.7234,344.9301,178.1148,605.2781,223.7372,7107710,41595.5,133122.8,165613.7,36828.4,74723.8,901131,14020.9,954874,928157,916840,908003,664393,823670,710716,815080,289848,17495.11,196857,274110,453158,2683.939,1818.853,340.4669,234.4956,7876.324,13720.46,1931.847,18589.57,926.231,16195.27,5499.476,114072.3,61133.48,5876800,9022.413,5962549,783203,2214.575,300340,1095463,4746.326,12141.78,486492,418997,6122.62,638645,5739.692,221766,4466.414,325730,594.7156,5871.896,370.1458,13573.93,14195.23,678.6567,10344.06,19209.63,10683.96,8422216,6673976,16737.92,57624.65,143538.8,5483531,6300291,50197.01,9899.492,46723.45,3815.546,12795.08,3932.528,6801.64,320377,844564,971239,471392,246984,588300,7247.236,484410,651836,662888,437650,476802,1021.629,2062.999,13110.41,12950.48,8400.205,9589.532,16135.61,15673.89,23638.88,41742.14,16605.27,15322.34,21691.24,55283.11,235745.4,9906.911,21.32635,17242.43,4526.376
"38",315,"Factor #315",18.255,114,3065.244,3977.849,6061.237,9304.504,492.0312,1163.073,432.8005,294.9431,345.768,456.75,6794.851,408549.4,537789.3,234906.7,404583.1,120770.8,3573.811,4734.399,788810,557985,821850,987644,747090,859369,539291,911608,651348,1358740,4183.291,673085,501971,770459,954186,1189.434,2772.826,122239.1,214830.4,36056.2,157657.5,3204.242,211096.1,60942.31,21955.03,12389750,9156168,55227.86,11434713,773812,753470,589403,707160,778822,777761,987028,967938,877584,384110,818426,577432,1089043,916326,2356.404,106203.6,355.3426,190596,197859.4,3128.804,131934.3,190217.1,162829,16460249,13670192,1753111,456884.4,26046.24,8469874,10790340,81483.02,10074816,10425554,9490438,8043583,989831,831032,712719,913620,2513.486,534561,981038,1161164,855591,1040031,4214.77,1225186,1081224,720088,4958.447,33883.21,289834.3,189230.1,109804.5,115156.5,186003,158954.2,158365.6,78932.49,10849038,6554680,6127763,61127.15,7761374,356.4579,0,11191374,9291819
"39",319,"Factor #319",18.4309,115,34147.34,26320.46,17282.75,34872.35,4.932628,8926.279,2123.759,3867.125,1430.577,1447.296,29220.48,73419.88,111827.9,26993.94,65812.56,96669.05,312.7757,559063,12999,39021,26883,319962,113247,355297,70158,134003,24348,719757,151917,37442,61475,57927,112155,347.5146,484.3452,19469.46,37914.15,4249.706,21310.29,6692.005,13734.44,28551.92,57093265,958506,1266843,6321612,53573.07,48397,32623,16862,906.7913,16527,94754,437982,23595,85979,28187,80538,714.8201,164404,792.6822,164.1621,17379.52,395.761,12996.97,20552.8,4989.051,23945.38,14993.45,22497.86,69947.29,2237339,14005.77,11559251,315119,747257,212867,65329.39,34149.68,17035.02,6267.642,11670,90.82377,130277,20263,222.1313,1384150,209.3909,99614,556234,19096,417.4966,387898,289.5754,1020.125,67942,82919.69,4253.3,44156.04,13314.26,2623.949,12355.59,16109.54,15982.43,17814593,399206,53885.97,26515.71,26325.67,30708.57,68674.48,223.4811,2.281912,16444.83,16129.35
"40",329,"Factor #329",18.8086,115,2160.292,10197.44,8512.135,9254.207,37.09501,798.1017,2337.893,2641.176,354.2834,544.5881,55795.97,73206.67,129694.8,127080,127334.9,91953.8,20575,21330.62,852.239,75658,26027,37204,2531.925,3827.618,631.0453,15349.05,433.6833,19823,120163,18827,60681,31910,28702,3829.972,2336.439,275428.1,377996.6,55146.21,6897.265,697.1629,15852.24,8637.158,16109.65,415485,1190652,10737.5,38591.62,4216.828,26785.46,139.8812,23908.92,25308.47,6121.163,227.1697,155.5503,347.7694,2124.448,440.2414,620.8927,697.9461,8875.741,1250.495,67645.66,408.8324,26899.49,16537.15,1069.904,13911.35,24415.93,16121.5,6809.153,26681.93,43295.67,24120.42,17112.38,34916.85,1154322,6229.682,47616.76,165319,2984.856,2233552,4820.62,14056,499.308,31701,34800,2912.652,33836,19864,316.3642,65148,1254.15,1193.55,74954,34990,220.5329,22442.54,176468.8,36903.04,49591.94,13005.48,17944.96,26720.58,707721,766065,31145.36,11049.59,2300303,696310,638084,312.4602,27.64849,33114.6,23820.38
"41",335,"Factor #335",18.9197,115,3525.443,4139.837,6285.723,9748.934,1440.211,2008.497,651.0365,503.1111,388.6154,394.0481,2987.872,399208.6,185880.1,316594,587041.6,111161.6,669.3613,1453.296,1744.337,835304,601.3198,933760,870.6184,1090823,695411,2586.025,619.8247,1305.751,869453,699931,541250,746835,1006418,525.3397,3346.996,280.6815,328027.1,420.3211,153.8127,666.6478,332130.1,435.143,77538.87,15332076,14070987,25650421,9772299,717453,700251,571257,663417,778548,829667,948250,985564,915247,213.3882,890643,629427,1135636,935153,2504.824,104.1947,202.1174,296795.5,257364.7,1471.25,530.644,276422.3,216815.8,17443642,14837122,1683557,10877.28,13023217,7576123,9952151,13942216,8567768,9593966,8136433,6424029,977081,1523.395,1641.08,892044,266.4732,559941,1033689,3046786,843818,1242430,968.062,1266932,1145674,710931,454.4687,213.2136,638.9625,143.9027,342.9054,157370,241.3873,275463.2,23351163,11028026,9598346,5387143,5747735,13620020,6654483,522.5181,548.1339,9311380,7797291
"42",353,"Factor #353",19.9455,115,1382.507,2455.031,1266.092,2658.017,204.9469,1823.095,959.422,1779.693,191.024,108.6843,19155.29,111049.6,500695.3,144799.6,178141.1,191583.1,375.048,343.9944,479.1553,329.2822,226.146,131.5021,472.0052,99.83785,399.8683,383.735,120.5174,229.9046,68.7459,137.0377,66.29852,254.1866,345.023,76.96808,188.5637,1481.359,103.5219,50.19225,1212.725,404.9701,975.6234,1306.042,7045286,2242475,9780521,2774665,1515674,142.9167,165.3838,292.5877,610.7098,281.388,62.57257,118468,74731,112.6443,461830,214352,221298,352562,524977,98.92967,352.6041,122.9321,1858.415,370.9464,797.1122,2196.804,3336.343,2576.027,2624837,1820220,65860.94,45650603,3894385,44485.01,2640513,20096.43,2256851,3908950,1447170,5657564,49133,282.6828,300.5174,214500,112.6705,127126,147.6281,87.52575,335520,285024,2027607,651906,88.61793,156236,516.0356,75.16825,151.7817,606.1537,140.3841,2491.724,767.1565,951.8407,3752683,7121939,1464396,24630.92,36138.91,3199417,101127.4,123.4549,63.63122,284943.3,60281.31
"43",373,"Factor #373",22.3681,115,5495.091,1350.419,416.0273,4286.82,33416,2177.407,1056.75,1088.191,639.4799,887.3209,384160.7,94937.89,24121.25,179764.9,49147.04,66541.64,38331,33831,46071,36738,38300,36071,1821.417,29810,29939,31838,34113,42245,2390.411,2195.241,1380.311,1163.596,1586.477,879.8317,2739.226,1918.21,910.5072,1750.676,1619.831,2914.888,855.7202,2017.353,416485.1,261526.6,342504.5,339868.7,227621.6,36509,26576,42010,47760,33673,7351.626,987.9663,1752.374,1723.625,26586,19136,3916.716,1464.854,2023.019,1483.765,1771.203,1371.71,2390.728,890.6216,3119.193,1081.863,1888.957,706.2443,424025.5,326563.2,458791.1,251335,368892,301735,242783.2,347793.2,179092.9,351075.9,371880.1,240955.9,39399,42734,34150,33423,37056,1531.855,2238.542,2748.568,877.0133,3393.263,31596,358.1912,2661.249,3263.519,2173.503,2774.298,980.3924,3526.591,1073.639,599.9506,3717.76,1466.867,309043.5,280359.4,277730.6,345899.3,325329,240505.1,361806.5,378.8681,2337.981,231714.9,331841.6
"44",392,"Factor #392",22.5457,115,194.7545,733.3003,697.903,1443.533,795.1951,656.8332,634.8956,1431.653,47.78668,74.41877,341929,127098.6,252584.3,45838.5,42188.91,68004.97,320.7523,433.0237,308.6172,388.6871,492.6216,192.738,195.5366,297.186,673.0353,290.8692,300.4775,578.0448,49856181,63663924,68066836,152.4829,214.4523,66.49497,154.584,154.1873,141.1473,288.4407,274.6353,67.04385,112.9101,213.2375,46111075,52170724,46314261,53674376,48031750,325.2775,480.6645,271.8076,435.144,127.8492,345.363,102.0592,92.45128,135.4114,212.9828,274.7931,199.5212,199.3178,271.2857,127.839,198.0133,110.513,73.44427,122.806,182.406,108.3663,91.95045,170.639,65780039,53089895,53861475,22577.57,50975489,52900297,47962087,49031352,48194696,48915134,47194929,13989.58,322.0201,438.3669,601.8102,95.35117,327.1041,200.0814,146.6106,24400825,55788058,62374030,192.0018,58113397,146.9394,13314473,9293,104.4034,190.6589,288.3845,87.65709,159.2383,116.4611,100.9634,53250395,52895960,53603723,49373243,48845968,50286269,49734803,583.2396,91.36295,323284,33483.52
"45",375,"Factor #375",22.549,115,1586.646,1783.325,3509.023,3113.28,318.0354,1387.94,1025.85,655.1509,143.9883,112.3134,135423,146447.6,325176.6,175905.3,285994.2,112358,1574.994,810.9726,25346,246461,1522.429,70394,1308.177,36512,97367,39582,743.5561,75112,87260,107.0876,53524,74757,13140,337.2076,553.169,188.8826,260.1223,436.2659,495.6577,360.5426,194.1911,444.397,233226.7,306291.6,191186.1,104943.5,333292.7,107883,1853.423,62950,36225,41982,621.0567,27833,107.9491,31711,126244,33657,37494,20420,33444,272.9494,369.6798,193.8306,171.4449,501.2804,280.0739,169.012,112.9974,228.0142,400001.9,342643,300733,463416,325282.2,348397.4,296293.5,280083.2,300137.7,241734,51100.23,195479.3,1196.581,1318.069,54908,114612,812.3488,443.8113,15303,15553,22313,49665,60353,95031,24779,212.7959,416.6511,197.0184,718667,519.6451,96.34433,308.9407,211.4704,202.7628,357824.5,197028.5,210757.2,340493.2,3028841,259321.8,201436.1,1279.897,260.4815,364583.8,137825.4
"46",382,"Factor #382",22.5902,115,1499.441,1235.091,874.8154,1790.259,3510.185,695.2928,728.964,361.7014,57.43943,86.38889,207027.8,119858.9,207529.6,128881,98538.34,111202.5,3128.016,1114.723,599.6039,1008.714,1864.36,1120.864,3179.224,712.5419,90842,60150,75051,4528.882,165.1686,280.6468,82848,23878,233.1104,255.659,197.8557,119.3012,172.1806,259.3959,303.3704,1233.795,242.4815,309.1002,190218.8,151000,624587,186765.3,262267.8,340089,174891,154425,93836,127368,268.8455,280.5191,15656,801.1146,335824,45633,91072,474.828,62852,450.215,315.1451,100.9854,256.7276,222.9359,669.198,456.2197,371.8527,432.8258,602721.7,1356920,239674,1223190,199790.4,610039,2646755,257082.3,353646.2,1085685,45452.86,1926374,84634,1939.86,2574.4,281733,3422.417,175151,39385,108016,57305,398.4137,663344,554.9818,274.0297,284.8322,136.3593,180.4721,136.8182,184.9744,180.9489,146.5948,338.1525,107.3079,1004505,1340002,193697.7,1858263,11066713,273433.5,176579.6,1170.015,112.333,226159.8,125636.6
"47",394,"Factor #394",22.6531,115,304.0115,873.9245,834.9213,1671.756,3739.269,646.9698,686.7314,1495.876,79.91789,87.09629,219063.7,50025.03,480187.5,23256.91,37935.7,20182.16,625.1613,268.3519,1088.256,507.473,825.5316,660.0577,1018.392,891.2461,631.1881,1268.555,3865338,713.9305,220.7397,206.8123,286.2134,138.4911,188.5063,202.2577,187.4346,356.2709,296.1996,198.2264,1179719,727.6998,1280531,373.9218,9217.595,150800,481464,14168.59,171602,685.8068,715.2264,441.2684,348.0684,4542,1268.415,262.8622,4169,288.3228,5075,234.6304,12715,312.984,211.8603,170.4949,219.3779,15944,1207984,1188061,25261,495.2201,1168505,1114661,64775,339744,43434.01,645124,188716,341271,742166,97961,8024.982,54755.98,25385.59,206217,693.8859,755.1235,1345.471,856.1651,631.6779,135.7085,176.7496,534.4543,127.1706,266.5262,556.4133,260.3475,270.5676,504.2887,248.2651,478.5888,289.3604,1363186,497241,407.4801,367.1105,1443749,108754,87328,24408.23,131669,171123,111798,124173,689.578,100.9079,40002.17,261327.1
"48",393,"Factor #393",22.7833,115,1349.396,2651.409,1251.94,4957.073,872.7982,2667.383,515.0831,138.9197,67.5014,120.3286,213503.6,169163.3,193724.4,201834.3,250672.6,117050,362.6592,518.719,138.3375,436.9649,554.022,217.1335,245.2255,336.3672,737.0615,330.963,404.6005,678.5958,223.3971,104.6681,105.3604,162.0269,238.5684,1684413,841544,5157706,32525357,13300480,277.7545,82848,114.7329,353315,25136.24,34729.61,47133.31,86560.38,44468.36,64915147,559.9846,433.631,101.1795,142.1613,395.1298,103.5156,98.25572,3456,217.8049,231.525,223.1636,201.6961,256.6345,684269,27047976,14989086,720801,454100,231.9588,108.7592,75.10191,662121,133939.6,14914.64,115602.8,19488.51,47174.62,24276.24,29687.94,58852.18,20613.52,39355.17,18945.2,32390.83,720.3827,53744287,50216389,108.9693,411.1161,7726596,62045408,134.5626,319.5125,329.2094,223.0606,216.5233,51059654,165.2305,303339,29733910,3668987,769293,2236659,590246,1249049,107.3083,16953.85,28660.07,49094.67,48334.67,30433.45,47116.31,24111.31,198034,39.39051,74676.18,133609
"49",419,"Factor #419",22.8583,115,3011.563,5654.633,3040.297,10072.83,282.8378,833.9873,1135.459,900.5456,249.2878,301.1312,379340,156229.7,290167.3,452927.6,382665.4,155614.5,4285.486,820.372,559.5245,16648,1958.47,405.2571,4370.008,3624.948,1876.557,2265.729,1067.534,2352.318,326.9607,340.4563,20455,34393,214.4022,257.4335,174.1125,232128,237306,25429,218176,451.6948,276219,110200,540018.6,295167.2,507677.6,674903.2,384056.2,1076.488,2488.384,3170.296,4236.192,922.081,1781.914,15337,364.785,32208,23441,24842,231.4905,370.4363,12594,97.17353,66017,282.5344,267.6711,231395,17800,27661,6038,25975,618086.8,539273.9,524781,79413.16,424374.6,494187.8,269622.1,535926.8,577509.1,158949.5,21064.29,249029.2,1390.617,2323.056,5921.301,561.0537,944.5279,547.1557,246.1758,437.4475,742.527,320.2248,228.2396,34163,349.9177,224.7165,437.1797,245.7023,343.3323,262338,156664,172264,197013,248937,670466.7,317866.8,317689.4,414560.4,367379.7,331643.3,219375.8,767.4736,184.3811,506297.8,66070.69
"50",389,"Factor #389",22.8804,115,2617.81,3411.708,2333.145,4209.93,22994,543.2479,729.0297,453.9072,193.6358,116.4954,136249.8,210199,340903.4,218016.7,234156.7,134903.2,51140546,41102843,54232302,53543328,53113849,52745084,51626171,73624784,1051.209,52614438,22901285,52852824,7358207,124.9876,136.2786,185.9368,57309305,28345997,220.9616,27129733,211.0172,37487791,658057,98.81137,140.6979,298.8425,38878.26,55611.4,77541.34,89630.3,67932.65,597.5818,59364795,67592491,55881307,213.9664,53047528,111.3167,68267537,8670576,70206903,59701086,55886527,68634881,318.3384,122.822,11827566,151.5723,109.6105,248.1932,165.0125,128.749,109.4966,271.3835,225460.4,82742.52,241619,11761291,42109.16,102627.1,50144.33,170442.8,61964.62,79475.93,29760.69,32466.27,74877789,50807152,1361.077,72443151,809.0086,51663650,223.7145,56771659,367.3852,376.662,295.9192,232.5687,200.9304,50867587,281.6643,136.4644,252.6628,372.8941,67.22297,219.5753,148.6916,137.574,103175.3,43224.14,260733.3,54104.61,66512.95,114506.8,28815.88,1092.162,53.90202,20540.42,153353.5
"51",418,"Factor #418",22.8896,115,1821.964,2535.34,3203.99,3756.425,5635.956,366.1115,236.6149,95.97001,159.6787,115.0503,443698.2,200871.8,186559.7,198736.4,210351.9,161827.8,3528.658,1770.61,697.4591,1509.702,2603.953,13158,1812.136,6877.532,3366.048,15333,2275.879,4299.013,57165,688.2571,26971,29150,461.4958,387.1897,921.7229,68.9771,71924,623.9525,99852,33372,474.9259,87695,393868.8,713123.3,420228.5,525071,545642.9,2033.306,2084.941,2224.591,2376.085,483.3576,848.7675,461.7345,118.4238,577.3237,15753,334.2845,36260,22452,69906,143.1129,336.3737,110.6793,26445,22292,31363,32417,24432,10236,555122.8,663689.1,787324.7,4758174,730629.5,504791,536114.4,709171.9,607675.6,446564,79525.16,123943.8,2748.128,4378.29,2460.335,35554,5330.304,24750,766.2467,543.743,450.7068,54067,24150,30665,33614,20014,70.93651,243.8721,126374,9377,423.7413,217.1297,383.4648,110458,654752.8,739022.1,399035,511643,584240.2,416063.6,585663.1,282.9868,524.0138,377659.9,448516.3
"52",388,"Factor #388",22.9523,115,2437.389,1947.392,1161.23,2080.744,5235.831,601.9903,870.5084,1632.168,112.7825,97.5725,527387.9,291289.8,282250.1,209161.8,153007.6,209490.3,3922557,3351.168,1942.77,2662.303,6012.555,3289.103,2006.53,4732.646,3601398,5348710,17909746,8246.35,276.8859,1467.61,3712756,1151.618,42261380,16768959,676.0353,20346990,204.4909,191.2962,350876,48316,282.448,547.8516,430495.8,379475.7,578312.4,391372.9,260134,25292979,6405546,29147745,25478451,4069705,26546381,6246167,414.3847,755.7775,3380940,4498691,949.5876,444.111,3424049,521.6583,341.658,606.6966,227.6666,559161,1576.892,553.3147,392050,307.4343,549084,467946.3,137867,112997.4,525588.3,480728.1,226921.8,156016,413625.2,282231,88752.71,516804,7060.619,2535.057,8171.295,1819.152,19128589,33504363,18677678,279.5272,648.3947,375.3344,5277441,3873078,231.2002,3659234,148.7579,394.4372,21958181,1122229,264550,915126,1244211,373418,270283,441902.4,248053,483732.3,368315.5,398119.6,357403,88933,208.289,284131.8,381676.9
"53",437,"Factor #437",23.3554,115,660.1859,651.1394,907.6015,2662.842,4161.236,295.2311,224.7771,89.0507,64.49174,124.946,306664.8,150181.9,205378.5,160240.5,110062,182022.2,53886,17029,11258,36951,15501,44984,2356.99,20085,2846.62,49955,1571.398,1532.152,251487,131.2913,354.4079,48676,12373,136.0481,194.688,112776,107257,31739,15770,9844,393.5599,24679,155261.3,533206.2,337812.5,105086.1,353751.6,1150.846,947.075,2197.875,4049.146,89861,878.6723,313.1848,150.2935,130.5749,156.6085,242.9227,192.6425,471.8549,129.9234,133.0947,534361,112.6799,6721,11050,10444,21447,15656,21419,425183,265808.8,298159.8,66491.61,232158.5,266421.5,283294.6,67631.12,370096.8,229510.2,55558.45,34572.42,18626,1392.748,1200.388,12032,14111,92552,257.0285,416.8104,550.6669,157911,94212,64688,182859,53183,96.86927,201.2816,859530,6453,311.8049,12328,9329,561665,410552.8,239358.9,453925.7,425930,130793.8,113936.8,120420.3,213.4747,402.5766,365467.2,172783.5
"54",449,"Factor #449",23.3659,115,1889.462,2235.417,2793.61,3245.164,5132.203,864.4942,229.7068,72.56432,38.03541,125.2163,264281.9,61328.28,389407.6,63249.57,123915.1,78315,752.6766,2008.736,2636.989,950.4354,1024.929,1069.155,1822.944,1937.199,4260.578,1353.841,1331.279,1603.488,278337,30162,85373,31406,619.0504,374.2755,303.0362,676.5625,239.3105,720.5898,315.584,170.8724,508.1213,469.9417,114223,1170455,77466.59,241963.2,126700.7,13745,88699,2251.56,80972,88783,20518,39217,86828,172374,722149,41503,193169,215599,314.5265,132.6199,419.1282,133.4795,177.8194,211.8238,558.8665,453.4528,332.7707,162.5979,446202.7,56173.41,247817.7,1958319,100117.7,172478,245787,142680.5,36325.49,109277.1,57418.57,32641.26,18159,2059.857,2927.1,56536,827.199,57684,179.5988,341.6073,47278,159598,295064,349658,210808,61988,116.2045,257.4693,155.2603,452.3975,420.6781,257.3108,437.6407,189.8037,210802,104381.4,146098.4,8452815,27871623,83282.01,103881.2,282.681,504.8983,345989.8,458537.9
"55",475,"Factor #475",23.5442,115,11874.21,5397.952,8639.583,11506.97,7544.061,1187.413,4266.543,923.41,3307.319,1909.313,2383930,203760.6,115699.7,47913.29,169167.9,190198.5,10102.94,15430.48,21775.8,25061.2,15074.9,38269.33,25907.84,27569.33,11216.89,11809.81,31334.36,43230.02,6304.151,5701.011,4768.118,1825.703,5761.335,2443.317,3339.143,3735.172,2497.565,2273.442,1967.503,11187.4,676.1354,10397.29,184849,84760,319607,133375,93963,12333.09,3364.799,16361.96,6074.383,12808.11,42024.81,5426.385,4666.832,4349.783,1908.499,1634.948,4186.43,1885.193,4764.804,4624.135,1609.456,1455.255,4647.362,5480.494,3515.515,1022.566,7144.496,3565.08,154925,94856,71864,145015,221277,72320,64960,208047,192809,131019,71182,111080,5550.737,36513.78,28896.87,41732.99,17709.84,3627.376,2898.023,3128.241,4942.569,7110.467,5313.375,1451.656,12445.98,3947.654,1159.073,1316.798,1288.724,3458.55,13360.81,6224.79,1764.547,12419.41,75087,81504,196544,65097,67900,74329,60019,1060.656,6500.598,87747,1693627
"56",480,"Factor #480",23.6264,115,11681.52,5289.299,8481.959,11319.76,7377.133,1164.367,4215.548,900.9889,3224.348,1884.539,72784,197135.6,110183.5,167552.3,166386.2,184061,21336.86,14607.08,25071.81,18539.43,14092.64,29787.25,19584.09,5333,4786.947,15999.72,23943.85,44877.81,4970.632,4632.056,6812.905,11463.29,8441.648,4547.099,1063.718,3598.018,2411.704,2013.153,1898.654,10879.14,657.7854,5372.849,84008,73925,164094,293691,177523,2575.84,2171.326,5348.356,3735.478,50186.84,23834.17,7017.917,6614.074,4162.951,8798.693,2661.484,7079.198,528.5841,4187.961,4746.272,1600.679,1401.106,5699.196,5301.319,3456.152,996.1692,3509.268,3843.554,172768,165956,291865,2769816,63661,74280,119432,140874,115944,120125,299015,55077,32455.86,21530.85,27830.28,52514.44,22449.33,8004.836,4250.639,2009.792,7861.369,7845.35,5071.124,6445.259,2214.826,3923.206,686.3383,889.6917,1051.266,2459.112,12119.2,1149.788,1713.019,11470.02,92712,144383,289402,102422,78242,60679,62168,1018.668,6108.399,207756,175369
"57",466,"Factor #466",23.6605,115,9723.398,4217.036,6923.771,9513.754,5692.068,924.234,3603.603,682.1982,2387.176,1644.627,1087734,68356.38,64772.27,58647.87,126885.3,71449.31,15257.89,8592.246,7690.902,26626.58,5920.546,18000.94,10974.34,15876.01,9273.868,10451.4,11457.38,7259.915,2590.053,6044.848,1640.519,4490.006,5245.022,1111.555,4367.693,1912.45,1295.23,1267.675,785.2795,7349.914,5294.754,3974.2,189708,83928,165253,102251,77814,2344.423,31443.59,5484.999,7178.898,15687.7,11383.81,1283.582,487.2382,5484.908,831.5253,779.5317,2100.386,333.7861,2677.132,1236.075,1008.894,859.2979,1115.883,3269.56,2822.898,1896.726,2380.458,2963.39,76352,77416,330505,239910,82040,177146,80784,109546,99046,64505,77619,63192,1515,16739.28,22761.78,26578.32,11578.18,2699.763,5663.98,1792.167,4070.898,6220.932,1934.412,1699.655,8393.564,2601.354,334.5864,696.1714,1090.377,1699.949,1748.465,2192.627,1117.676,2154.123,2382975,101247,239644,213364,102540,442406.5,139210,654.6213,4546.645,196024,135533
"58",472,"Factor #472",23.6744,115,10421.69,4607.587,7487.849,10160.45,6335.398,1013.476,3813.96,759.777,2702.024,1730.856,1290973,161179.5,83762.46,137905.6,137208.4,139674.5,39255.44,8452.712,23690.91,4087.349,18165.68,2093.559,22952.05,21953.4,11456.76,24737.65,9324.885,8599.214,2661.489,1144.275,5350.409,1775.388,1281.045,3217.092,1115.138,2634.827,1773.661,1603.664,1421.644,8736,527.835,3539.029,85304,291466,231615,172816,175630,1981.315,5730.563,2869.532,2562.348,10030.75,5033.603,7173.311,1570.341,1942.451,2977.519,1748.154,1684.998,3005.181,4583.277,4948.01,1429.456,1059.33,3842.616,4025.672,3067.47,1218.966,2714.442,3047.865,166518,152919,190483,89015,77080,301903,140682,106976,139889,604893.9,67559,76818,18901.15,20882.13,20152.92,26252.59,25267.54,2612.739,4283.377,3637.227,3899.228,2900.077,546.1962,2634.59,3236.983,1117.754,545.2903,744.6219,1994.013,2281.117,9143.572,546.0648,1356.779,8534.049,153276,105750,68712,129442,70416,114448,124115,711.5589,5241.727,54976,120244
"59",458,"Factor #458",23.7743,115,978.3993,851.845,1415.211,1129.328,5584.578,272.5546,241.9619,118.8564,68.49363,134.9085,716301.3,135252.8,265716.2,160711.6,141573.1,253471.1,54500,3080.707,10583,15064,30392,125544,774.6182,23991,3592.914,54422,1725.128,46612,334.4146,193.0496,490.0701,396.6363,12482,21290,459.4947,1126702,1353801,267980,393.4553,353.6442,588.2317,134.6618,313403.6,425366,161071.3,179228.4,370432.8,44807,145526,1596.585,7628.683,19392,777.5943,417.771,13467,100284,324.0685,26802,112106,347.3832,207819,243.2913,522624,155.6232,212.8284,259.7216,351.839,512.6129,377.585,175.9111,474925,401462.3,524624,151466.7,411437.3,139415.6,349233.6,393219.7,233702.7,317425.6,44933.45,157707.3,44773,26944,2366.969,4961,23278,31493,352.9919,481.8358,801.3683,255.6916,10426,77768,171942,53039,150.1626,291.5895,554797,524.9284,350.8676,309.7658,505.8074,220.419,458422.4,406668.8,653673.1,157259.6,287608.1,372061.5,159272,309.4933,546.9338,338713.1,458347.6
"60",538,"Factor #538",23.8287,115,9994.61,4367.422,7146.409,9747.598,5914.87,956.6011,3657.252,716.9245,2502.953,1674.542,537475.1,148274.4,78923.94,78752.81,86571.92,59355.36,12779.48,8239.113,24585.19,3932.909,13790.08,7307.072,19775.28,9810.989,7690.829,4780.089,4569.65,20246.61,1749.212,1045.053,3268.382,1354.456,2561.425,976.5968,940.4108,1109.102,791.1422,1502.744,452.4913,7862.335,3337.487,7260.058,150427,367962,277815,135141,162178,1791.361,5970.188,18916.12,2311.32,19508.39,7702.674,4979.68,4419.222,1849.061,2725.828,1456.989,1810.319,5386.01,3428.622,2462.188,1059.008,906.1063,2799.301,3464.815,2892.216,1300.521,4257.727,2908.173,308895,126462,94249.14,159172,77208,106449,135461,283923,78824,131278,130195,88128,7707.483,6286.403,8067.809,14913.81,12164.6,2485.464,6624.771,2496.825,6036.434,3146.15,1447.078,2012.024,2401.889,1372.085,500.9192,673.2765,612.5445,2579.19,8716.524,1910.079,1200.046,7438.679,190080,81348,128850,66408,68888,138343,184999,607.2781,1700.593,164709,105867
"61",512,"Factor #512",23.8566,115,1808.628,3301.205,2533.258,6522.585,5377.899,1803.505,846.9273,663.3709,172.2594,217.1199,419327,170896.9,189074.2,258182.1,263549.8,136486.9,391757,138958,1794.98,726832,872554,489.5727,2857.958,67079,2270.892,1040.697,30180,252353,275.1187,276.905,403.4225,237.9422,252803,17510,140.5372,336177,447859,81037,630.6832,307.685,300.4956,478.604,235822.4,256935.2,177743.5,435051.6,80473.1,160870,124650,21100,493368,176355,38931,58797,146.7807,281.7462,94.1333,275.2664,291.8611,443.763,465.1926,19379,285371,227.2848,233.9171,554.815,395.4698,212.9183,128.7177,230.9878,428589.5,402483.9,579071.9,28883.74,127544.7,444988.4,106801.1,317924.7,495583.6,150915.6,68542.09,153406.6,1341.56,47727,4072.206,899.4897,493194,434.0275,147.4362,12303,102.1338,452.6901,2177220,296.7473,334.0025,202.3074,385.7542,315.6659,677552,760.2356,243.5541,303.2213,169.1311,287.2437,546342.5,101118.9,279787.6,127381.6,259105.1,194349.2,271021.3,1495.881,171.4617,378771.5,273219.8
"62",522,"Factor #522",23.8689,115,9554.926,4134.081,6806.92,9374.169,5537.133,902.216,3550.704,668.8273,2317.641,1626.526,974698.8,135448.1,63022.71,109287.5,113456.1,104940.5,1757.85,7747.552,10536.17,3775.863,9957.743,6428.173,19023.54,20142.39,11445.9,5020.083,8585.26,11642.54,1972.733,2532.737,3155.731,3079.198,4895.908,2078.528,2156.332,1687.475,1142.476,1179.387,993.0817,6999.236,3045.814,3293.158,270461,106044,83532,78406,148945,1595.289,8643.193,1555.075,2237.156,8114.106,15538.37,4878.646,1239.6,1087.674,959.4191,1597.445,875.8639,3505.915,3427.914,2462.067,932.785,767.3842,3833.486,2885.364,2756.102,938.5481,2083.524,2551.031,263263,249631,76240,85989,76696,70832,315134,152922,241807,109499,83430,185812,17025.98,23752.76,8086.17,18522.21,9495.559,4085.004,5301.904,469.5877,3134.05,3043.632,1282.37,4355.98,2671.04,737.8209,326.7456,403.4302,778.7029,1438.22,3164.778,1224.004,1052.346,5750.497,140248,85232,141652,273156,117261,65144,144208,458.9409,4367.003,58472,612764.2
"63",537,"Factor #537",23.9743,115,9079.338,3856.979,6414.905,8929.403,5091.018,841.386,3382.924,609.8326,2080.662,1566.34,198946.9,117156.5,45879.44,91608.51,101108.6,79829.69,10959.05,7665.678,17618.61,3595.613,13905.36,14301.6,9634.822,17318.49,6997.289,17431.23,7887.46,6052.664,1782.314,803.6094,2847.69,1390.876,2386.858,889.027,354.3512,916.1085,643.5204,929.8937,676.336,5931.259,359.5179,1125.019,101480,85920,82856,145187,201605,16049.04,8947.401,14843.36,23652.89,14116.22,6903.533,4150.399,1247.915,1781.439,2180.274,3013.191,1396.329,4657.597,2984.782,2188.26,733.9921,565.1979,2818.325,2094.535,2597.235,534.0019,1646.405,2025.891,192194,75405,273855,253789.2,112968,174344,237842,170121,65856,155548,69680,61301,6473.959,14271.79,19400.14,14440.82,5718.455,2261.418,3265.952,2058.616,3194.799,4096.843,1792.425,1787.498,2353.63,2609.681,181.4303,191.7436,621.0996,1125.489,2366.091,363.7813,862.9299,3664.626,87694,94666,72344,93561,88303,79895,187316,203.2618,1361.136,59456,105103
"64",526,"Factor #526",24.0291,115,12965.32,5977.889,9493.384,12525.8,8444.49,1317.934,4625.638,1036.144,3741.69,2051.371,1901240,232676,128941.3,203828.9,193382.1,112485.8,18998.44,37902.2,18388.96,22106.54,19699.8,9021.065,30646.18,17761.57,26199.57,14911.67,29919.84,9591.719,12135.17,8254.18,7207.955,7530.523,5752.557,4220.352,6533.074,1246.801,1008.882,2432.071,7252.354,12911.04,10096.94,7694.696,81442,300469,167865,96940,416555,8846.899,44678.24,9598.824,6460.387,17513.35,16092.85,7769.851,8375.897,3298.454,3066.514,5219.737,4124.574,1441.246,6657.119,8042.041,1934.196,1712.146,1668.794,1856.165,3868.357,4727.259,11685.7,13418.21,346819,246041,87562,88672,69416,346389,173670,238429,165859,68305,204377,72749,28820.37,38880.43,70793.07,38435.52,23463.99,5574.866,7230.198,8543.554,8600.051,9122.103,5896.834,6474.27,11656.58,6125.044,857.7756,1112.974,1316.238,2487.573,14587.37,4985.269,5608.181,7571.212,163456,78802,62928,144157,240012,66832,58440,1273.728,7411.31,79675,160279
"65",524,"Factor #524",24.0436,115,11521.84,5205.92,8366.95,11187.87,7252.791,1143.448,4183.818,887.1487,3171.591,1864.329,900316.5,105795,106097.6,77965.59,82458.96,35930.24,15574.33,11064.92,11813.61,14496.86,11370.69,6558.566,17603.61,15287.11,3225.579,14451.35,22768.36,22566.87,7641.15,4608.71,7380.881,6381.057,12453.15,4805.779,1774.75,461.9072,1098.618,2462.885,11265.67,10596.84,7103.063,5245.282,90528,93577,88763,223571,187524,2025.06,37843.22,8118.771,12223.96,15118.96,21773.01,5293.98,9849.962,7451.185,868.6681,3908.358,8267.777,4773.838,2489.228,2593.111,1641.669,1284.951,1553.595,7533.821,3405.039,3924.838,5739.863,6736.148,313749,245444,77494,288284,81597,66854,98099,82253,223955,213865,76880,134586,13347.82,20908.49,19179.87,36405.17,38310.17,5742.736,14666.27,1237.325,4386.533,6235.806,1885.638,1101.168,7295.969,6393.086,1428.224,1314.936,2682.489,6084.072,4454.24,5811.45,1983.823,3953.566,85296,1271699,240403,83160,61490,125544,150008,707.0195,6213.905,104498,128972
"66",544,"Factor #544",24.0553,115,9316.048,3980.904,6592.682,9127.846,5290.36,870.1333,3459.006,635.8134,2185.559,1593.005,503083.4,126672.1,53236.46,101391.1,105942.7,92131.64,10755.62,2980.75,12538.25,3675.535,9631.582,8909.39,16844.98,15117.61,14959.71,4000.202,2496.774,11442.62,1060.397,1132.003,2917.255,1047.684,4475.464,1922.214,855.3935,1330.821,912.1528,1051.432,2947.525,6448.652,851.1083,2520.849,174092,84216,76864,65792,163333,1012.355,11444.15,983.0615,2133.094,13566.16,11497,4364.097,1215.438,1121.655,2425.158,4148.204,1074.879,5142.505,3111.626,640.8541,833.756,667.1719,3311.384,2491.986,2671.591,582.0958,1856.252,2147.908,385283,79577,111056,252397,182284,83634,65424,67320,62688,63762,69432,281361,11842.47,15529.63,9422.779,9088.562,11808.16,1777.27,3128.206,2474.633,2052.773,5350.973,1837.846,1833.399,5817.585,3039.627,258.304,308.2236,861.2258,1392,4019.803,397.0899,953.7005,4346.35,106658,150460,214421,90715,232121,57304,144528.7,344.8731,4091.436,214715,149772
"67",523,"Factor #523",24.1945,115,9658.203,4172.087,6854.021,9462.045,5659.211,914.8962,3606.296,668.8164,2366.246,1638.535,144244,132525.1,61202.27,108293.5,116813.8,106210.1,7663.302,3664.03,16952.76,3793.608,4473.704,5947.7,12772.31,6255.968,6744.532,13935.85,2609,6841.731,3079.698,961.9386,3149.735,1781.978,2521.83,2938.463,2380.045,1870.223,1273.521,1251.535,1058.177,7227.872,438.1383,1507.247,121287,83320,709685.8,122058,240893,8298.56,4515.513,2834.529,27645.11,8840.715,4935.805,4796.462,1695.971,1200.567,2552.624,3457.597,1498.964,5051.349,3284.376,2129.401,1012.03,802.5644,4070.534,3046.94,2836.006,655.663,2122.176,2344.46,120145,72647,117952,82856,215820,147653,166936,142602,117264,109070,154851,137449,7323.815,7303.008,6572.317,6200.448,8585.96,2433.414,3983.008,2307.38,3662.542,3449.624,1464.882,1938.828,2781.007,3305.067,345.7617,422.6226,507.5375,1498.144,4731.16,450.778,1109.285,6230.415,90050,74947,88286,61293,254135.5,223107,242669.5,432.014,3582.975,114168,69539
"68",513,"Factor #513",24.57,115,1509.473,2183.014,4050.59,5729.969,4823.928,1528.329,843.7393,1360.499,347.3445,55.97965,403387.3,201915.1,599377.8,105921.9,33524.45,61199.87,3740.603,836.1522,87885,1447.852,419915,167267,30242,71374,48354,2120.89,930.1851,531641,293.2207,119419,25598,227598,321.1459,594.1387,178.8497,226.8395,219.6592,573.1428,663.8495,448.0195,322.9342,605.3334,232090.2,2481763,3134517,339989.6,1141836,975.8725,3159.843,2681.865,2750.354,780.3866,559.7137,140.9818,115.5033,134862,1031409,297937,240169,17382,315910,257.9976,523.0396,257.1857,248.2328,752.1367,350.3741,223.8402,140.4454,228.596,485867.6,687180,472574.5,4919500,2351993,477925,1254982,223425.1,521434.7,250849.5,5255854,1094462,84470,2358.741,5627.696,78133,722.0434,86312,136823,44623,65511,250744,460625,2321266,323342,206115,410.5527,274.055,400.1933,836.857,257.3213,398.196,325.9574,291.9614,543313.9,889475,241463.1,8471929,44195847,433068.1,244074.6,1658.996,269.228,386623,171274.7
"69",582,"Factor #582",25.6183,115,92534.82,69201.36,83751.93,74333.57,213346.4,43976.5,36883.86,34329.99,34051.7,26176,17886964,5209443,5609122,3785876,3993131,4475356,325622.1,248020.2,220431.7,107918,92994,264597.3,262154.2,213288.9,252048.8,197818.8,97047,268522.1,114699.1,55239.6,65879.57,45147,15194,18283,63956.17,19528,85067.82,69074.48,90019.08,18044,38662,15941,21248829,21762153,4769624,18540763,16947314,268551.6,253060.8,260450.2,272253.7,227012.5,26951,14971,49009.32,18883,20775,27145,90848.49,77926.13,28449,65793.4,19826,28764,97443.06,106462.3,97948.11,17035,25579,95300.72,3993148,20913082,4813374,23040713,4804500,17230643,16925653,4827976,16339109,16056964,15256349,12588624,115439,249178,239077.6,272747.1,130286,67460.19,18418,61103.23,60486.96,76359.45,25041,36980.21,48405.46,22743,31198,29786,23353,88736.81,103713.9,92314.11,86205.85,90376.89,10851106,19815372,7668057,16537838,16730018,8562850,15704430,16074,33433,14114323,13592760
"70",583,"Factor #583",25.8163,115,93811.65,69547.27,84348.82,75455.94,213309.1,38728.31,36867.66,34312.02,34041.75,26176,5547740,5174927,4957255,4809259,3678304,4739366,61007,81337,120530,77460,67814,90862,59167,208201.7,252059.3,53544,86892,102903,24538,28656,30684,21114,13846,22952,24876,26011,30143,15635,23816,93874.36,45458,91788.34,21248829,21750195,19071567,18536376,16947314,266009.5,251589.7,257579.6,272253.7,226927.7,263435.3,65260.58,63923.01,24867,76682.44,21439,67551.36,83315.48,73222.19,50232.81,33615,68922.96,97524.45,106530.8,98049.48,81916.83,99117.04,95318.65,21819323,20913082,19757530,88496,18037732,17230643,16920556,18194876,16339109,1195685,15251671,12588624,253877.8,249098.4,238603.4,54965,264134.3,68931.94,55803.42,56433.63,16652,19652,55941.57,11232,48193.13,27506,88493.1,85726.65,82312.05,88786.45,30978,25689,21841,90475.44,21020112,71680,16289207,16537838,16730292,6013291,15704560,64695.12,25267,14114323,13591843
"71",581,"Factor #581",29.4049,115,91656.65,74847.71,78549.34,63320.49,213567.6,41878.62,36889.27,34308.56,34038.03,26178.62,7639546,4652450,5004288,4969848,3755140,4566279,122463,102241,132332,130835,87048,108686,276825.4,235126.6,280503.4,31266,57465,265877.8,94110.66,24648,32462,52856.38,20595,22903,68650.44,29044,85094.46,18296,20255,27464,31659,91812.6,21248829,21762153,6493299,9592035,16947314,106781,88397,257333.9,116034,80044,112648,20465,14511,26315,34490,25975,28447,21722,17163,31224,24576,24802,97443.06,31210,34261,45541,38303,22034,9408307,20913082,6003483,5190945,7877060,17230643,16925653,7348945,2417695,9147684,15256349,141033,123445,82279,298655.6,82685,85884,28645,20560,19654,27927,27461,20477,20796,30627,27588,26867,19401,19955,37825,35983,46866,36124,16469,5184756,1628330,1307198,16537838,1975550,7749467,3707083,18700,29294,14443283,11864943
